---Project milestone 1
---By: Elh76 & Leo10


DROP TABLE Profiles CASCADE CONSTRAINTS;
DROP TABLE Friendships CASCADE CONSTRAINTS;
DROP TABLE Groups CASCADE CONSTRAINTS;
DROP TABLE Messages CASCADE CONSTRAINTS;

---Making the Profile table
CREATE TABLE Profiles
(	username 		varchar2(80) PRIMARY KEY,
        email   		varchar2(30),
	dob 			DATE,
	timeoflastlogin         TIMESTAMP
);


---Making the Friendship table
CREATE TABLE Friendships
(	nameofuser 	varchar2(80),
	requestto varchar2(32),
	request number(1),
	status  varchar2(32),
	dateoffriendship    DATE,
	FOREIGN KEY (nameofuser) REFERENCES Profiles(username),
	FOREIGN KEY (requestto) REFERENCES Profiles(username), 
	PRIMARY KEY (nameofuser, requestto)
);

---Making the Group table
CREATE TABLE Groups
(	groupname 	 varchar2(32),
	description  varchar2(32),
	numofmembers INTEGER,
	memberlist   varchar2(500),
	CONSTRAINT memberlimit CHECK (numofmembers <= 100)
);


---Making the Messages table
CREATE TABLE Messages
(	subject 	varchar2(40),
	textmsg         varchar2(100),
	sender  	varchar2(32),
	dateofmsg 	DATE,
	groupmsg	number(1), 
	FOREIGN KEY (sender) REFERENCES Profiles(username)
);


---Inserting into Profile table

INSERT INTO Profiles VALUES('Tom Hickory', 'tomh12@pitt.edu', DATE '1993-02-01', TIMESTAMP '2002-01-01 04:15:57');
INSERT INTO Profiles VALUES('Bridget Egler', 'bse12@pitt.edu', DATE '1993-09-30', TIMESTAMP '2007-02-02 05:15:57');
INSERT INTO Profiles VALUES('Sara Mills', 'smills01@pitt.edu', DATE '1993-03-09', TIMESTAMP '2007-01-09 02:15:57');
INSERT INTO Profiles VALUES('Janna Votodian', 'jmv34@pitt.edu', DATE '1993-03-27', TIMESTAMP '2002-02-07 02:15:55');
INSERT INTO Profiles VALUES('Hannah Barton', 'hmb43@pitt.edu', DATE '1993-07-23', TIMESTAMP '2006-03-03 06:15:57');	
INSERT INTO Profiles VALUES('Eric Egler', 'erice@pitt.edu', DATE '1992-08-23', TIMESTAMP '2003-05-11 07:15:57');
INSERT INTO Profiles VALUES('Jeff Egler', 'potatojeff@pitt.edu', DATE '1990-04-26', TIMESTAMP '2005-03-01 04:15:57');
INSERT INTO Profiles VALUES('Jeffrey Smolen', 'jeffy@pitt.edu', DATE '1996-01-14', TIMESTAMP '2003-06-02 04:15:57');
INSERT INTO Profiles VALUES('Oksana Ortmann', 'oko@pitt.edu', DATE '1989-06-03', TIMESTAMP '2001-02-09 04:15:57');
INSERT INTO Profiles VALUES('Peggy Ortmann', 'psue@pitt.edu', DATE '1980-04-02', TIMESTAMP '2011-01-09 08:15:57');
INSERT INTO Profiles VALUES('Mike Ortmann', 'meo1@pitt.edu', DATE '1979-02-01', TIMESTAMP '2012-05-10 07:15:57');
INSERT INTO Profiles VALUES('Diane Smolen', 'dianeds3@pitt.edu', DATE '1989-01-21', TIMESTAMP '2011-01-10 09:15:57');
INSERT INTO Profiles VALUES('Val Becker', 'vbecker@pitt.edu', DATE '1980-07-24', TIMESTAMP '2010-06-21 07:40:57');
INSERT INTO Profiles VALUES('Tommy Becker', 'tomtom42@pitt.edu', DATE '1995-07-21', TIMESTAMP '2009-02-21 05:15:57');
INSERT INTO Profiles VALUES('Elisha Becker', 'eliman@pitt.edu', DATE '1994-06-22', TIMESTAMP '2008-05-23 06:15:57');
INSERT INTO Profiles VALUES('Sasha Becker', 'snoshers@pitt.edu', DATE '1992-08-23', TIMESTAMP '2007-07-09 07:15:57');
INSERT INTO Profiles VALUES('Mike Becker', 'mbecker@pitt.edu', DATE '1980-01-22', TIMESTAMP '2011-07-23 08:12:57');
INSERT INTO Profiles VALUES('Daniel Robertson', 'danrob@pitt.edu', DATE '1980-07-14', TIMESTAMP '2011-01-09 01:45:57');
INSERT INTO Profiles VALUES('Carter Johnson', 'carterj@pitt.edu', DATE '1993-04-14', TIMESTAMP '2008-03-12 09:22:57');
INSERT INTO Profiles VALUES('Mary Lou', 'mmlou@pitt.edu', DATE '1973-06-29', TIMESTAMP '2011-07-15 08:32:57');
INSERT INTO Profiles VALUES('Mark Szfranski', 'mks100@pitt.edu', DATE '1993-07-03', TIMESTAMP '2011-01-09 04:15:57');
INSERT INTO Profiles VALUES('Tom Truchok', 'tomlit45@pitt.edu', DATE '1993-04-23', TIMESTAMP '2003-01-09 04:15:57');
INSERT INTO Profiles VALUES('Jared Niall', 'niall46@pitt.edu', DATE '1993-02-14', TIMESTAMP '2007-01-09 04:15:57');
INSERT INTO Profiles VALUES('Nick Calzone', 'creepynick@pitt.edu', DATE '1993-09-30', TIMESTAMP '2011-01-09 04:15:57');
INSERT INTO Profiles VALUES('Andrea Lang', 'anglang@pitt.edu', DATE '1993-12-01', TIMESTAMP '2009-01-09 04:15:57');
INSERT INTO Profiles VALUES('Josh Lang', 'jlang@pitt.edu', DATE '1993-10-01', TIMESTAMP '2010-01-09 04:15:57');
INSERT INTO Profiles VALUES('Jessie Smolen', 'jess678@pitt.edu', DATE '1993-10-10', TIMESTAMP '2001-01-09 04:15:57');
INSERT INTO Profiles VALUES('Carissa Lang', 'carissa23@pitt.edu', DATE '1990-11-11', TIMESTAMP '2000-11-11 11:11:11');
INSERT INTO Profiles VALUES('Laura Barton', 'lmorrisb@pitt.edu', DATE '1960-05-05', TIMESTAMP '2002-01-09 04:15:57');
INSERT INTO Profiles VALUES('Laura Smolen', 'lsmolen@pitt.edu', DATE '1989-07-01', TIMESTAMP '2014-01-09 04:15:57');
INSERT INTO Profiles VALUES('Matt Henry', 'coolmatt345@pitt.edu', DATE '1993-02-20', TIMESTAMP '2015-01-09 04:15:57');
INSERT INTO Profiles VALUES('Sunny Patel', 'sunnyday23@pitt.edu', DATE '1993-02-01', TIMESTAMP '2011-01-09 04:15:57');
INSERT INTO Profiles VALUES('Matt Francowic', 'baseballmatt@pitt.edu', DATE '1993-07-13', TIMESTAMP '2011-01-09 04:15:57');
INSERT INTO Profiles VALUES('Shawna Henkel', 'shenkel@pitt.edu', DATE '1993-07-23', TIMESTAMP '2004-04-09 08:23:57');
INSERT INTO Profiles VALUES('Don Toomey', 'DrT@pitt.edu', DATE '1993-02-01', TIMESTAMP '2008-07-23 04:15:57');
INSERT INTO Profiles VALUES('Kristin Baker', 'KB@pitt.edu', DATE '1993-02-01', TIMESTAMP '2005-05-13 04:15:57');
INSERT INTO Profiles VALUES('Jake Ballard', 'Bigballard@pitt.edu', DATE '1993-02-01', TIMESTAMP '2006-02-12 04:15:57');
INSERT INTO Profiles VALUES('Kenzie Duncan', 'kenzD@pitt.edu', DATE '1992-07-26', TIMESTAMP '2004-04-11 03:32:57');
INSERT INTO Profiles VALUES('Kyle Mathias', 'kyletheguy@pitt.edu', DATE '1993-11-16', TIMESTAMP '2006-02-12 04:15:57');
INSERT INTO Profiles VALUES('Kiel Gierlach', 'kiel34@pitt.edu', DATE '1993-12-24', TIMESTAMP '2006-02-12 04:15:57');
INSERT INTO Profiles VALUES('Keri Dinkel', 'kdink@pitt.edu', DATE '1993-02-21', TIMESTAMP '2008-04-11 04:15:57');
INSERT INTO Profiles VALUES('Liz Hallahan', 'liztheham@pitt.edu', DATE '1993-06-18', TIMESTAMP '2004-02-12 04:15:57');
INSERT INTO Profiles VALUES('Harry Styles', 'larry@pitt.edu', DATE '1993-10-19', TIMESTAMP '2003-06-14 04:15:57');
INSERT INTO Profiles VALUES('Naill Horan', 'nailll23@pitt.edu', DATE '1993-09-05', TIMESTAMP '2000-11-10 04:15:57');
INSERT INTO Profiles VALUES('Zayn Malik', 'zaynM@pitt.edu', DATE '1993-04-02', TIMESTAMP '2001-02-09 04:15:57');
INSERT INTO Profiles VALUES('Liam Payne', 'LiamP@pitt.edu', DATE '1993-08-02', TIMESTAMP '2007-12-12 04:15:57');
INSERT INTO Profiles VALUES('Louis Stylinson', 'stylinL@pitt.edu', DATE '1993-12-01', TIMESTAMP '2012-02-12 04:15:57');
INSERT INTO Profiles VALUES('Andrea Egler', 'AnnoE@pitt.edu', DATE '1993-11-23', TIMESTAMP '2005-04-23 04:15:57');
INSERT INTO Profiles VALUES('Roger Barton', 'Rogerdoger@pitt.edu', DATE '1993-10-03', TIMESTAMP '2012-08-21 04:15:57');
INSERT INTO Profiles VALUES('Tom Smith', 'Tsmith@pitt.edu', DATE '1993-08-04', TIMESTAMP '2014-02-12 04:15:57');
INSERT INTO Profiles VALUES('Lena Ortmann', 'leo10@pitt.edu', DATE '1993-02-27', TIMESTAMP '2012-05-05 04:34:57');
insert into Profiles values('Erin Higgins', 'elh76@pitt.edu', DATE '1995-04-02', TIMESTAMP '2016-01-09 04:14:23');
insert into Profiles values('Gabby Means', 'gbm26@nyu.edu', DATE '1995-03-19', TIMESTAMP '2001-01-04 09:14:56');
insert into Profiles values('Kalyn Sigg', 'ksiggie@pitt.edu', DATE '1995-09-05', TIMESTAMP '2010-08-05 15:45:34');
insert into Profiles values('Sophie Means', 'sm@gmail.com', DATE '1996-08-19', TIMESTAMP '2012-07-10 19:23:12');
insert into Profiles values('Penny Means', 'pmeans@aol.com', DATE '2000-07-12', TIMESTAMP '2014-09-09 14:12:12');
insert into Profiles values('Dominic Means','dmeans23@gmail.com', DATE '1998-08-08', TIMESTAMP '2015-12-12 12:12:12');
INSERT INTO Profiles VALUES('Bridget Devine', 'bridge@pitt.edu', DATE '1994-02-01', TIMESTAMP '2002-01-01 04:15:57');
INSERT INTO Profiles VALUES('Maggie Devine', 'mag@pitt.edu', DATE '1982-09-30', TIMESTAMP '2007-02-02 05:15:57');
INSERT INTO Profiles VALUES('Fiona Connelly', 'fion@pitt.edu', DATE '1965-03-09', TIMESTAMP '2007-01-09 02:15:57');
INSERT INTO Profiles VALUES('Andy Samberg', 'youngsandwich@pitt.edu', DATE '1945-03-27', TIMESTAMP '2002-02-07 02:15:55');
INSERT INTO Profiles VALUES('Jorma Taccone', 'jorm@pitt.edu', DATE '1978-07-23', TIMESTAMP '2006-03-03 06:15:57');	
INSERT INTO Profiles VALUES('Akiva Shaffer', 'kiv@pitt.edu', DATE '1985-08-23', TIMESTAMP '2003-05-11 07:15:57');
INSERT INTO Profiles VALUES('John Belushi', 'blues@pitt.edu', DATE '1946-04-26', TIMESTAMP '2005-03-01 04:15:57');
INSERT INTO Profiles VALUES('Bill Hader', 'stefan@pitt.edu', DATE '1996-01-14', TIMESTAMP '2003-06-02 04:15:57');
INSERT INTO Profiles VALUES('John Mulaney', 'jm@pitt.edu', DATE '1989-06-03', TIMESTAMP '2001-02-09 04:15:57');
INSERT INTO Profiles VALUES('David Spade', 'tommyboy@pitt.edu', DATE '1980-04-02', TIMESTAMP '2011-01-09 08:15:57');
INSERT INTO Profiles VALUES('Chris Farley', 'riverliver@pitt.edu', DATE '1979-02-01', TIMESTAMP '2012-05-10 07:15:57');
INSERT INTO Profiles VALUES('Chevey Chase', 'vaca@pitt.edu', DATE '1989-01-21', TIMESTAMP '2011-01-10 09:15:57');
INSERT INTO Profiles VALUES('Amy Adams', 'notisla@pitt.edu', DATE '1980-07-24', TIMESTAMP '2010-06-21 07:40:57');
INSERT INTO Profiles VALUES('Mark Zuckerberg', 'research42@pitt.edu', DATE '1995-07-21', TIMESTAMP '2009-02-21 05:15:57');
INSERT INTO Profiles VALUES('Will Forte', 'lastman@pitt.edu', DATE '1994-06-22', TIMESTAMP '2008-05-23 06:15:57');
INSERT INTO Profiles VALUES('Adam Sandler', 'lilnicky@pitt.edu', DATE '1992-08-23', TIMESTAMP '2007-07-09 07:15:57');
INSERT INTO Profiles VALUES('Will Ferrel', 'lion@pitt.edu', DATE '1980-01-22', TIMESTAMP '2011-07-23 08:12:57');
INSERT INTO Profiles VALUES('Kyle Mooney', 'betterthankanye@pitt.edu', DATE '1980-07-14', TIMESTAMP '2011-01-09 01:45:57');
INSERT INTO Profiles VALUES('Collin Jost', 'goodhair@pitt.edu', DATE '1993-04-14', TIMESTAMP '2008-03-12 09:22:57');
INSERT INTO Profiles VALUES('Pete Davidson', 'luvdavid@pitt.edu', DATE '1973-06-29', TIMESTAMP '2011-07-15 08:32:57');
INSERT INTO Profiles VALUES('Joe Lynch', 'jtl44@pitt.edu', DATE '1993-07-03', TIMESTAMP '2011-01-09 04:15:57');
INSERT INTO Profiles VALUES('Jason Sudekis', 'jls23@pitt.edu', DATE '1993-04-23', TIMESTAMP '2003-01-09 04:15:57');
INSERT INTO Profiles VALUES('Joanna Newsom', 'barf23@pitt.edu', DATE '1993-02-14', TIMESTAMP '2007-01-09 04:15:57');
INSERT INTO Profiles VALUES('Petunia Mulaney', 'frenchy12@pitt.edu', DATE '1993-09-30', TIMESTAMP '2011-01-09 04:15:57');
INSERT INTO Profiles VALUES('Austin Pegg', 'app23@pitt.edu', DATE '1993-12-01', TIMESTAMP '2009-01-09 04:15:57');
INSERT INTO Profiles VALUES('Michelle Holdney', 'meh34@pitt.edu', DATE '1993-10-01', TIMESTAMP '2010-01-09 04:15:57');
INSERT INTO Profiles VALUES('Nick Sullivan', 'njs12@pitt.edu', DATE '1993-10-10', TIMESTAMP '2001-01-09 04:15:57');
INSERT INTO Profiles VALUES('Mathew Perry', 'mtp34@pitt.edu', DATE '1990-11-11', TIMESTAMP '2000-11-11 11:11:11');
INSERT INTO Profiles VALUES('Gabe Freeman', 'gef44@pitt.edu', DATE '1960-05-05', TIMESTAMP '2002-01-09 04:15:57');
INSERT INTO Profiles VALUES('Joe Marriuzza', 'jrm34@pitt.edu', DATE '1989-07-01', TIMESTAMP '2014-01-09 04:15:57');
INSERT INTO Profiles VALUES('Jess Slain', 'jks22@pitt.edu', DATE '1993-02-20', TIMESTAMP '2015-01-09 04:15:57');
INSERT INTO Profiles VALUES('Aleena Yobbi', 'aey23@pitt.edu', DATE '1993-02-01', TIMESTAMP '2011-01-09 04:15:57');
INSERT INTO Profiles VALUES('Lou Marra', 'construct12@pitt.edu', DATE '1993-07-13', TIMESTAMP '2011-01-09 04:15:57');
INSERT INTO Profiles VALUES('Molly Schnider', 'mws56@pitt.edu', DATE '1993-07-23', TIMESTAMP '2004-04-09 08:23:57');
INSERT INTO Profiles VALUES('Katie Garrity', 'krg45@pitt.edu', DATE '1993-02-01', TIMESTAMP '2008-07-23 04:15:57');
INSERT INTO Profiles VALUES('Kristen Bell', 'KB@pitt.edu', DATE '1993-02-01', TIMESTAMP '2005-05-13 04:15:57');
INSERT INTO Profiles VALUES('Owen Wilson', 'sunglassesadvil@pitt.edu', DATE '1993-02-01', TIMESTAMP '2006-02-12 04:15:57');
INSERT INTO Profiles VALUES('Vince Vaughn', 'dive45@pitt.edu', DATE '1992-07-26', TIMESTAMP '2004-04-11 03:32:57');
INSERT INTO Profiles VALUES('Bill Murry', 'billtheguy@pitt.edu', DATE '1993-11-16', TIMESTAMP '2006-02-12 04:15:57');
INSERT INTO Profiles VALUES('Woody Harrelson', 'woody45@pitt.edu', DATE '1993-12-24', TIMESTAMP '2006-02-12 04:15:57');
INSERT INTO Profiles VALUES('Joe Pecci', 'clown@pitt.edu', DATE '1993-02-21', TIMESTAMP '2008-04-11 04:15:57');
INSERT INTO Profiles VALUES('Leslie Jones', 'ninja@pitt.edu', DATE '1993-06-18', TIMESTAMP '2004-02-12 04:15:57');
INSERT INTO Profiles VALUES('Keenan Thompson', 'whatup@pitt.edu', DATE '1993-10-19', TIMESTAMP '2003-06-14 04:15:57');
INSERT INTO Profiles VALUES('Kevin Bacon', 'numbers@pitt.edu', DATE '1993-09-05', TIMESTAMP '2000-11-10 04:15:57');





---Inserting into Friendships
INSERT INTO Friendships VALUES('Lena Ortmann','Bridget Egler',0, 'Friends', DATE '2012-08-04');
INSERT INTO Friendships VALUES('Lena Ortmann','Daniel Robertson',0, 'Friends', DATE '2013-09-01');
INSERT INTO Friendships VALUES('Lena Ortmann','Sara Mills',0, 'Friends', DATE '2012-09-11');
INSERT INTO Friendships VALUES('Lena Ortmann','Hannah Barton',0, 'Friends', DATE '2012-08-05');
INSERT INTO Friendships VALUES('Lena Ortmann','Janna Votodian',0, 'Friends', DATE '2012-08-14');
INSERT INTO Friendships VALUES('Lena Ortmann','Tommy Becker',0, 'Friends', DATE '2012-11-11');
INSERT INTO Friendships VALUES('Daniel Robertson','Bridget Egler',0, 'Friends', DATE '2013-08-12');
INSERT INTO Friendships VALUES('Sara Mills','Bridget Egler',0, 'Friends', DATE '2012-08-02');
INSERT INTO Friendships VALUES('Jake Ballard','Bridget Egler',0, 'Friends', DATE '2015-02-23');
INSERT INTO Friendships VALUES('Tom Smith','Sasha Becker',0, 'Friends', DATE '2013-02-13');
INSERT INTO Friendships VALUES('Harry Styles','Bridget Egler',1, 'Pending', NULL);
INSERT INTO Friendships VALUES('Louis Stylinson','Lena Ortmann',1, 'Pending', NULL);
INSERT INTO Friendships VALUES('Sara Mills','Louis Stylinson',1, 'Pending', NULL);
INSERT INTO Friendships VALUES('Eric Egler','Bridget Egler',0, 'Friends', DATE '2012-04-03');
INSERT INTO Friendships VALUES('Zayn Malik','Akiva Shaffer',1, 'pending', NULL);
INSERT INTO Friendships VALUES('Jake Ballard','Daniel Robertson',0, 'Friends', DATE '2008-01-23');
INSERT INTO Friendships VALUES('Jeffrey Smolen','Bridget Egler',0, 'Friends', DATE '2011-06-11');
INSERT INTO Friendships VALUES('Carter Johnson','Jared Niall',0, 'Friends', DATE '2012-08-29');
INSERT INTO Friendships VALUES('Bill Murry','Tom Truchok',0, 'Friends', DATE '2007-04-02');
INSERT INTO Friendships VALUES('Jeff Egler','Eric Egler',0, 'Friends', DATE '2002-01-25');
INSERT INTO Friendships VALUES('Kristin Baker','Bridget Egler',1, 'Pending', NULL);
INSERT INTO Friendships VALUES('Roger Barton','Laura Barton',0, 'Friends', DATE '2000-01-01');
INSERT INTO Friendships VALUES('Nick Calzone','Lena Ortmann',1, 'Pending', NULL);
INSERT INTO Friendships VALUES('Erin Higgins','John Mulaney',0, 'Friends', DATE '2012-08-04');
INSERT INTO Friendships VALUES('Erin Higgins','Bill Hader',0, 'Friends', DATE '2013-09-01');
INSERT INTO Friendships VALUES('Erin Higgins','Will Forte',0, 'Friends', DATE '2012-09-11');
INSERT INTO Friendships VALUES('Erin Higgins','Andy Samberg',0, 'Friends', DATE '2012-08-05');
INSERT INTO Friendships VALUES('Erin Higgins','Jorma Taccone',0, 'Friends', DATE '2012-08-14');
INSERT INTO Friendships VALUES('Erin Higgins','Akiva Shaffer',0, 'Friends', DATE '2012-11-11');
INSERT INTO Friendships VALUES('John Mulaney','Bill Hader',0, 'Friends', DATE '2013-08-12');
INSERT INTO Friendships VALUES('Bill Hader','Andy Samberg',0, 'Friends', DATE '2012-08-02');
INSERT INTO Friendships VALUES('Will Forte','Bill Hader',0, 'Friends', DATE '2015-02-23');
INSERT INTO Friendships VALUES('Akiva Shaffer','Andy Samberg',0, 'Friends', DATE '2013-02-13');
INSERT INTO Friendships VALUES('Jorma Taccone','Akiva Shaffer',1, 'Pending', NULL);
INSERT INTO Friendships VALUES('Andy Samberg','Jorma Taccone',1, 'Pending', NULL);
INSERT INTO Friendships VALUES('Andy Samberg','Gabby Means',1, 'Pending', NULL);
INSERT INTO Friendships VALUES('Andy Samberg','Maggie Devine',0, 'Friends', DATE '2012-04-03');
INSERT INTO Friendships VALUES('Andy Samberg','Kalyn Sigg',1, 'pending', NULL);
INSERT INTO Friendships VALUES('Bridget Devine','Maggie Devine',0, 'Friends', DATE '2008-01-23');
INSERT INTO Friendships VALUES('Sophie Means','Gabby Means',0, 'Friends', DATE '2011-06-11');
INSERT INTO Friendships VALUES('Gabby Means','Dominic Means',0, 'Friends', DATE '2012-08-29');
INSERT INTO Friendships VALUES('Gabby Means','Penny Means',0, 'Friends', DATE '2007-04-02');
INSERT INTO Friendships VALUES('Gabby Means','Bridget Devine',0, 'Friends', DATE '2002-01-25');
INSERT INTO Friendships VALUES('Gabby Means','Maggie Devine',1, 'Pending', NULL);
INSERT INTO Friendships VALUES('Kevin Bacon','Andy Samberg',0, 'Friends', DATE '2000-01-01');
INSERT INTO Friendships VALUES('Kevin Bacon','Jorma Taccone',1, 'Pending', NULL);
INSERT INTO Friendships VALUES('Kevin Bacon','Akiva Shaffer',0, 'Friends', DATE '2012-08-04');
INSERT INTO Friendships VALUES('Kevin Bacon','John Mulaney',0, 'Friends', DATE '2013-09-01');
INSERT INTO Friendships VALUES('Kevin Bacon','Petunia Mulaney',0, 'Friends', DATE '2012-09-11');
INSERT INTO Friendships VALUES('Kevin Bacon','Joanna Newsom',0, 'Friends', DATE '2012-08-05');
INSERT INTO Friendships VALUES('Kevin Bacon','Will Forte',0, 'Friends', DATE '2012-08-14');
INSERT INTO Friendships VALUES('Kevin Bacon','Bill Hader',0, 'Friends', DATE '2012-11-11');
INSERT INTO Friendships VALUES('Maggie Devine','Sophie Means',0, 'Friends', DATE '2013-08-12');
INSERT INTO Friendships VALUES('Maggie Devine','Fiona Connelly',0, 'Friends', DATE '2012-08-02');
INSERT INTO Friendships VALUES('Kalyn Sigg','Bridget Devine',0, 'Friends', DATE '2015-02-23');
INSERT INTO Friendships VALUES('Kalyn Sigg','Maggie Devine',0, 'Friends', DATE '2015-02-23');
INSERT INTO Friendships VALUES('Kalyn Sigg','Bill Murry',1, 'Pending', NULL);
INSERT INTO Friendships VALUES('Bill Murry','Andy Samberg',1, 'Pending', NULL);
INSERT INTO Friendships VALUES('Amy Adams','Bill Hader',1, 'Pending', NULL);
INSERT INTO Friendships VALUES('Mark Zuckerberg','Andy Samberg',0, 'Friends', DATE '2012-04-03');
INSERT INTO Friendships VALUES('Erin Higgins','Joe Lynch',1, 'pending', NULL);
INSERT INTO Friendships VALUES('Erin Higgins','Gabby Means',0, 'Friends', DATE '2008-01-23');
INSERT INTO Friendships VALUES('Penny Means','Gabby Means',0, 'Friends', DATE '2011-06-11');
INSERT INTO Friendships VALUES('Penny Means','Sophie Means',0, 'Friends', DATE '2012-08-29');
INSERT INTO Friendships VALUES('Penny Means','Dominic Means',0, 'Friends', DATE '2007-04-02');
INSERT INTO Friendships VALUES('Penny Means','Bridget Devine',0, 'Friends', DATE '2002-01-25');
INSERT INTO Friendships VALUES('Dominic Means','Bridget Devine',1, 'Pending', NULL);
INSERT INTO Friendships VALUES('Dominic Means','Maggie Devine',0, 'Friends', DATE '2000-01-01');
INSERT INTO Friendships VALUES('Dominic Means','Andy Samberg',1, 'Pending', NULL);
INSERT INTO Friendships VALUES('Dominic Means','Erin Higgins',0, 'Friends', DATE '2012-08-04');
INSERT INTO Friendships VALUES('John Mulaney','Petunia Mulaney',0, 'Friends', DATE '2013-09-01');
INSERT INTO Friendships VALUES('Jason Sudekis','Bill Hader',0, 'Friends', DATE '2012-09-11');
INSERT INTO Friendships VALUES('Jason Sudekis','John Mulaney',0, 'Friends', DATE '2012-08-05');
INSERT INTO Friendships VALUES('Mathew Perry','Mark Zuckerberg',0, 'Friends', DATE '2012-08-14');
INSERT INTO Friendships VALUES('John Belushi','David Spade',0, 'Friends', DATE '2012-11-11');
INSERT INTO Friendships VALUES('David Spade','Erin Higgins',0, 'Friends', DATE '2013-08-12');
INSERT INTO Friendships VALUES('David Spade','Chris Farley',0, 'Friends', DATE '2012-08-02');
INSERT INTO Friendships VALUES('Adam Sandler','David Spade',0, 'Friends', DATE '2015-02-23');
INSERT INTO Friendships VALUES('Adam Sandler','Andy Samberg',0, 'Friends', DATE '2013-02-13');
INSERT INTO Friendships VALUES('Adam Sandler','Bill Hader',1, 'Pending', NULL);
INSERT INTO Friendships VALUES('Bill Hader','Sophie Means',1, 'Pending', NULL);
INSERT INTO Friendships VALUES('Joe Lynch','Gabby Means',1, 'Pending', NULL);
INSERT INTO Friendships VALUES('Joe Lynch','Kalyn Sigg',0, 'Friends', DATE '2012-04-03');
INSERT INTO Friendships VALUES('Pete Davidson','Gabby Means',1, 'pending', NULL);
INSERT INTO Friendships VALUES('Pete Davidson','Kalyn Sigg',0, 'Friends', DATE '2008-01-23');
INSERT INTO Friendships VALUES('Pete Davidson','Erin Higgins',0, 'Friends', DATE '2011-06-11');
INSERT INTO Friendships VALUES('Leslie Jones','Gabby Means',0, 'Friends', DATE '2012-08-29');
INSERT INTO Friendships VALUES('Leslie Jones','Kalyn Sigg',0, 'Friends', DATE '2007-04-02');
INSERT INTO Friendships VALUES('Leslie Jones','Erin Higgins',0, 'Friends', DATE '2002-01-25');
INSERT INTO Friendships VALUES('Leslie Jones','Sophie Means',1, 'Pending', NULL);
INSERT INTO Friendships VALUES('Keenan Thompson','Gabby Means',0, 'Friends', DATE '2000-01-01');
INSERT INTO Friendships VALUES('Keenan Thompson','Sophie Means',1, 'Pending', NULL);
INSERT INTO Friendships VALUES('Kyle Mooney','Erin Higgins',0, 'Friends', DATE '2012-08-04');
INSERT INTO Friendships VALUES('Kyle Mooney','Joe Lynch',0, 'Friends', DATE '2013-09-01');
INSERT INTO Friendships VALUES('Kyle Mooney','Gabby Means',0, 'Friends', DATE '2012-09-11');
INSERT INTO Friendships VALUES('Jess Slain','Erin Higgins',0, 'Friends', DATE '2012-08-05');
INSERT INTO Friendships VALUES('Jess Slain','Kalyn Sigg',0, 'Friends', DATE '2012-08-14');
INSERT INTO Friendships VALUES('Aleena Yobbi','Katie Garrity',0, 'Friends', DATE '2012-11-11');
INSERT INTO Friendships VALUES('Aleena Yobbi','Joe Marriuzza',0, 'Friends', DATE '2013-08-12');
INSERT INTO Friendships VALUES('Joe Marriuzza','Katie Garrity',0, 'Friends', DATE '2012-08-02');
INSERT INTO Friendships VALUES('Joe Marriuzza','Gabby Means',0, 'Friends', DATE '2015-02-23');
INSERT INTO Friendships VALUES('Lou Marra','Aleena Yobbi',0, 'Friends', DATE '2013-02-13');
INSERT INTO Friendships VALUES('Lou Marra','Erin Higgins',1, 'Pending', NULL);
INSERT INTO Friendships VALUES('Katie Garrity','Molly Schnider',1, 'Pending', NULL);
INSERT INTO Friendships VALUES('Katie Garrity','Lou Marra',1, 'Pending', NULL);
INSERT INTO Friendships VALUES('Molly Schnider','Joe Marriuzza',0, 'Friends', DATE '2012-04-03');
INSERT INTO Friendships VALUES('Molly Schnider','Lou Marra',1, 'Pending', NULL);
INSERT INTO Friendships VALUES('Owen Wilson','Vince Vaughn',0, 'Friends', DATE '2008-01-23');
INSERT INTO Friendships VALUES('Owen Wilson','Molly Schnider',0, 'Friends', DATE '2011-06-11');
INSERT INTO Friendships VALUES('Owen Wilson','Bill Hader',0, 'Friends', DATE '2012-08-29');
INSERT INTO Friendships VALUES('Vince Vaughn','Andy Samberg',0, 'Friends', DATE '2007-04-02');
INSERT INTO Friendships VALUES('Vince Vaughn','Adam Sandler',0, 'Friends', DATE '2002-01-25');
INSERT INTO Friendships VALUES('Will Ferrel','Owen Wilson',1, 'Pending', NULL);
INSERT INTO Friendships VALUES('Will Ferrel','Vince Vaughn',0, 'Friends', DATE '2000-01-01');
INSERT INTO Friendships VALUES('Will Ferrel','Gabby Means',1, 'Pending', NULL);
INSERT INTO Friendships VALUES('Erin Higgins','Will Ferrel',0, 'Friends', DATE '2012-08-04');
INSERT INTO Friendships VALUES('Erin Higgins','Owen Wilson',0, 'Friends', DATE '2013-09-01');
INSERT INTO Friendships VALUES('Erin Higgins','David Spade',0, 'Friends', DATE '2012-09-11');
INSERT INTO Friendships VALUES('Erin Higgins','Chris Farley',0, 'Friends', DATE '2012-08-05');
INSERT INTO Friendships VALUES('Erin Higgins','Fiona Connelly',0, 'Friends', DATE '2012-08-14');
INSERT INTO Friendships VALUES('Kristen Bell','Owen Wilson',0, 'Friends', DATE '2012-11-11');
INSERT INTO Friendships VALUES('Kristen Bell','Bill Hader',0, 'Friends', DATE '2013-08-12');
INSERT INTO Friendships VALUES('Kristen Bell','Andy Samberg',0, 'Friends', DATE '2012-08-02');
INSERT INTO Friendships VALUES('Joe Pecci','Andy Samberg',0, 'Friends', DATE '2015-02-23');
INSERT INTO Friendships VALUES('Joe Pecci','Bill Hader',0, 'Friends', DATE '2013-02-13');
INSERT INTO Friendships VALUES('Joe Pecci','John Mulaney',1, 'Pending', NULL);
INSERT INTO Friendships VALUES('Joe Pecci','Petunia Mulaney',1, 'Pending', NULL);
INSERT INTO Friendships VALUES('Joe Pecci','Gabby Means',1, 'Pending', NULL);
INSERT INTO Friendships VALUES('Woody Harrelson','Joe Pecci',0, 'Friends', DATE '2012-04-03');
INSERT INTO Friendships VALUES('Woody Harrelson','John Mulaney',1, 'pending', NULL);
INSERT INTO Friendships VALUES('Woody Harrelson','Erin Higgins',0, 'Friends', DATE '2008-01-23');
INSERT INTO Friendships VALUES('Woody Harrelson','Bridget Devine',0, 'Friends', DATE '2011-06-11');
INSERT INTO Friendships VALUES('Woody Harrelson','Maggie Devine',0, 'Friends', DATE '2012-08-29');
INSERT INTO Friendships VALUES('Pete Davidson','Bridget Devine',0, 'Friends', DATE '2007-04-02');
INSERT INTO Friendships VALUES('Pete Davidson','Maggie Devine',0, 'Friends', DATE '2002-01-25');
INSERT INTO Friendships VALUES('Gabe Freeman','Nick Sullivan',1, 'Pending', NULL);
INSERT INTO Friendships VALUES('Gabe Freeman','Michelle Holdney',0, 'Friends', DATE '2000-01-01');
INSERT INTO Friendships VALUES('Gabe Freeman','Joe Lynch',1, 'Pending', NULL);
INSERT INTO Friendships VALUES('Gabe Freeman','Austin Pegg',0, 'Friends', DATE '2012-08-04');
INSERT INTO Friendships VALUES('Austin Pegg','Erin Higgins',0, 'Friends', DATE '2013-09-01');
INSERT INTO Friendships VALUES('Austin Pegg','Joe Lynch',0, 'Friends', DATE '2012-09-11');
INSERT INTO Friendships VALUES('Austin Pegg','Michelle Holdney',0, 'Friends', DATE '2012-08-05');
INSERT INTO Friendships VALUES('Austin Pegg','Janna Votodian',0, 'Friends', DATE '2012-08-14');
INSERT INTO Friendships VALUES('Michelle Holdney','Tommy Becker',0, 'Friends', DATE '2012-11-11');
INSERT INTO Friendships VALUES('Michelle Holdney','Gabby Means',0, 'Friends', DATE '2013-08-12');
INSERT INTO Friendships VALUES('Michelle Holdney','Bridget Devine',0, 'Friends', DATE '2012-08-02');
INSERT INTO Friendships VALUES('Michelle Holdney','Kalyn Sigg',0, 'Friends', DATE '2015-02-23');
INSERT INTO Friendships VALUES('Nick Sullivan','Erin Higgins',0, 'Friends', DATE '2013-02-13');
INSERT INTO Friendships VALUES('Nick Sullivan','Joe Lynch',1, 'Pending', NULL);
INSERT INTO Friendships VALUES('Nick Sullivan','Kalyn Sigg',1, 'Pending', NULL);
INSERT INTO Friendships VALUES('Nick Sullivan','Will Forte',1, 'Pending', NULL);
INSERT INTO Friendships VALUES('Nick Sullivan','Collin Jost',0, 'Friends', DATE '2012-04-03');
INSERT INTO Friendships VALUES('Collin Jost','Andy Samberg',1, 'pending', NULL);
INSERT INTO Friendships VALUES('Collin Jost','Bill Hader',0, 'Friends', DATE '2008-01-23');
INSERT INTO Friendships VALUES('Collin Jost','John Mulaney',0, 'Friends', DATE '2011-06-11');
INSERT INTO Friendships VALUES('Collin Jost','Leslie Jones',0, 'Friends', DATE '2012-08-29');
INSERT INTO Friendships VALUES('Collin Jost','Keenan Thompson',0, 'Friends', DATE '2007-04-02');
INSERT INTO Friendships VALUES('Erin Higgins','Keenan Thompson',0, 'Friends', DATE '2002-01-25');
INSERT INTO Friendships VALUES('Erin Higgins','Petunia Mulaney',1, 'Pending', NULL);
INSERT INTO Friendships VALUES('Erin Higgins','Laura Barton',0, 'Friends', DATE '2000-01-01');
INSERT INTO Friendships VALUES('Erin Higgins','Lena Ortmann',1, 'Pending', NULL);
INSERT INTO Friendships VALUES('Andy Samberg','Bridget Egler',0, 'Friends', DATE '2012-08-04');
INSERT INTO Friendships VALUES('Andy Samberg','Keenan Thompson',0, 'Friends', DATE '2013-09-01');
INSERT INTO Friendships VALUES('Andy Samberg','Sara Mills',0, 'Friends', DATE '2012-09-11');
INSERT INTO Friendships VALUES('Andy Samberg','Hannah Barton',0, 'Friends', DATE '2012-08-05');
INSERT INTO Friendships VALUES('Joanna Newsom','Janna Votodian',0, 'Friends', DATE '2012-08-14');
INSERT INTO Friendships VALUES('Joanna Newsom','Tommy Becker',0, 'Friends', DATE '2012-11-11');
INSERT INTO Friendships VALUES('Joanna Newsom','Bridget Egler',0, 'Friends', DATE '2013-08-12');
INSERT INTO Friendships VALUES('Petunia Mulaney','Joanna Newsom',0, 'Friends', DATE '2012-08-02');
INSERT INTO Friendships VALUES('Petunia Mulaney','Maggie Devine',0, 'Friends', DATE '2015-02-23');
INSERT INTO Friendships VALUES('Petunia Mulaney','Sasha Becker',0, 'Friends', DATE '2013-02-13');
INSERT INTO Friendships VALUES('Petunia Mulaney','Bridget Egler',1, 'Pending', NULL);
INSERT INTO Friendships VALUES('Petunia Mulaney','Lena Ortmann',1, 'Pending', NULL);
INSERT INTO Friendships VALUES('Petunia Mulaney','Louis Stylinson',1, 'Pending', NULL);
INSERT INTO Friendships VALUES('Petunia Mulaney','Jorma Taccone',0, 'Friends', DATE '2012-04-03');
INSERT INTO Friendships VALUES('Petunia Mulaney','Fiona Connelly',1, 'pending', NULL);
INSERT INTO Friendships VALUES('Petunia Mulaney','Harry Styles',0, 'Friends', DATE '2008-01-23');
INSERT INTO Friendships VALUES('Petunia Mulaney','Amy Adams',0, 'Friends', DATE '2011-06-11');
INSERT INTO Friendships VALUES('Kevin Bacon','Jared Niall',0, 'Friends', DATE '2012-08-29');
INSERT INTO Friendships VALUES('Kevin Bacon','Tom Truchok',0, 'Friends', DATE '2007-04-02');
INSERT INTO Friendships VALUES('Kevin Bacon','Eric Egler',0, 'Friends', DATE '2002-01-25');
INSERT INTO Friendships VALUES('Kevin Bacon','Bridget Egler',1, 'Pending', NULL);
INSERT INTO Friendships VALUES('Kevin Bacon','Laura Barton',0, 'Friends', DATE '2000-01-01');
INSERT INTO Friendships VALUES('Kevin Bacon','Lena Ortmann',1, 'Pending', NULL);
INSERT INTO Friendships VALUES('Kevin Bacon','Amy Adams',0, 'Friends', DATE '2012-08-04');
INSERT INTO Friendships VALUES('Kevin Bacon','Fiona Connelly',0, 'Friends', DATE '2013-09-01');
INSERT INTO Friendships VALUES('Kevin Bacon','Sara Mills',0, 'Friends', DATE '2012-09-11');
INSERT INTO Friendships VALUES('Kevin Bacon','Hannah Barton',0, 'Friends', DATE '2012-08-05');
INSERT INTO Friendships VALUES('Kevin Bacon','Janna Votodian',0, 'Friends', DATE '2012-08-14');
INSERT INTO Friendships VALUES('Kevin Bacon','Tommy Becker',0, 'Friends', DATE '2012-11-11');
INSERT INTO Friendships VALUES('Chris Farley','Gabby Means',0, 'Friends', DATE '2013-08-12');
INSERT INTO Friendships VALUES('Chris Farley','Dominic Means',0, 'Friends', DATE '2012-08-02');
INSERT INTO Friendships VALUES('Chris Farley','Joanna Newsom',0, 'Friends', DATE '2015-02-23');
INSERT INTO Friendships VALUES('Chris Farley','Sasha Becker',0, 'Friends', DATE '2013-02-13');
INSERT INTO Friendships VALUES('Chris Farley','Bridget Egler',1, 'Pending', NULL);
INSERT INTO Friendships VALUES('Chris Farley','Lena Ortmann',1, 'Pending', NULL);
INSERT INTO Friendships VALUES('Chris Farley','Louis Stylinson',1, 'Pending', NULL);
INSERT INTO Friendships VALUES('Chris Farley','Penny Means',0, 'Friends', DATE '2012-04-03');
INSERT INTO Friendships VALUES('Chris Farley','Fiona Connelly',1, 'pending', NULL);
INSERT INTO Friendships VALUES('Chris Farley','Harry Styles',0, 'Friends', DATE '2008-01-23');
INSERT INTO Friendships VALUES('Erin Higgins','Bridget Egler',0, 'Friends', DATE '2012-08-04');
INSERT INTO Friendships VALUES('Erin Higgins','Harry Styles',0, 'Friends', DATE '2013-09-01');
INSERT INTO Friendships VALUES('Erin Higgins','Sara Mills',0, 'Friends', DATE '2012-09-11');
INSERT INTO Friendships VALUES('Erin Higgins','Hannah Barton',0, 'Friends', DATE '2012-08-05');
INSERT INTO Friendships VALUES('Erin Higgins','Janna Votodian',0, 'Friends', DATE '2012-08-14');
INSERT INTO Friendships VALUES('Erin Higgins','Tommy Becker',0, 'Friends', DATE '2012-11-11');
INSERT INTO Friendships VALUES('Bridget Devine','Bridget Egler',0, 'Friends', DATE '2013-08-12');
INSERT INTO Friendships VALUES('Gabby Means','Bridget Egler',0, 'Friends', DATE '2012-08-02');
INSERT INTO Friendships VALUES('Sophie Means','Bridget Egler',0, 'Friends', DATE '2015-02-23');
INSERT INTO Friendships VALUES('Dominic Means','Sasha Becker',0, 'Friends', DATE '2013-02-13');
INSERT INTO Friendships VALUES('Penny Means','Bridget Egler',1, 'Pending', NULL);
INSERT INTO Friendships VALUES('Maggie Devine','Lena Ortmann',1, 'Pending', NULL);
INSERT INTO Friendships VALUES('Kalyn Sigg','Louis Stylinson',1, 'Pending', NULL);
INSERT INTO Friendships VALUES('Joe Lynch','Bridget Egler',0, 'Friends', DATE '2012-04-03');
INSERT INTO Friendships VALUES('Fiona Connelly','Harry Styles',1, 'pending', NULL);
INSERT INTO Friendships VALUES('Kalyn Sigg','Harry Styles',0, 'Friends', DATE '2008-01-23');
INSERT INTO Friendships VALUES('Kalyn Sigg','Bridget Egler',0, 'Friends', DATE '2011-06-11');
INSERT INTO Friendships VALUES('Kalyn Sigg','Jared Niall',0, 'Friends', DATE '2012-08-29');
INSERT INTO Friendships VALUES('Kalyn Sigg','Tom Truchok',0, 'Friends', DATE '2007-04-02');
INSERT INTO Friendships VALUES('Kalyn Sigg','Eric Egler',0, 'Friends', DATE '2002-01-25');
INSERT INTO Friendships VALUES('Harry Styles','Erin Higgins',1, 'Pending', NULL);
INSERT INTO Friendships VALUES('Gabby Means','Laura Barton',0, 'Friends', DATE '2000-01-01');
INSERT INTO Friendships VALUES('Gabby Means','Lena Ortmann',1, 'Pending', NULL);

---Inserting into Groups
INSERT INTO Groups VALUES('SNL Alums', 'Ex-Members of SNL', 0, NULL);
INSERT INTO Groups VALUES('SNL Futures', 'People who will be on SNL', 0, NULL);
INSERT INTO Groups VALUES('Pitt Students', 'People who go to Pitt', 0, NULL);
INSERT INTO Groups VALUES('High School Pals', 'People from high school', 0, NULL);
INSERT INTO Groups VALUES('One Direction Fan Club', 'Those who love One Direction', 0, NULL);
INSERT INTO Groups VALUES('Film Lovers', 'People who love movies!', 0, NULL);
INSERT INTO Groups VALUES('Harry Potter Fan Club', 'People who love specifically HP', 0, NULL);
INSERT INTO Groups VALUES('Twin Peaks Fan Club', 'For lovers of David Lynch!', 0, NULL);
INSERT INTO Groups VALUES('Silicon Valley Fan Club', 'Thomas forever', 0, NULL);
INSERT INTO Groups VALUES('Hot Rod Fan Club', 'Stunts forever', 0, NULL);

---Inserting into Messages
INSERT INTO Messages VALUES ('Movie Idea', 'Hey I have a great idea for a film. Messages me back!', 'Andy Samberg', DATE '2006-02-01', 0);
INSERT INTO Messages VALUES ('Weekend Plans', 'Lets go to the cabin this weekend!', 'Bridget Devine', DATE '2006-02-01', 1);
INSERT INTO Messages VALUES ('Weekend Plans', 'Lets go to the cabin this weekend!', 'Bridget Devine', DATE '2006-02-01', 1);
INSERT INTO Messages VALUES ('Weekend Plans', 'Lets go to the cabin this weekend!', 'Bridget Devine', DATE '2006-02-01', 1);
INSERT INTO Messages VALUES ('Weekend Plans', 'Lets go to the cabin this weekend!', 'Bridget Devine', DATE '2006-02-01', 1);
INSERT INTO Messages VALUES ('Weekend Plans', 'Lets go to the cabin this weekend!', 'Bridget Devine',  DATE '2006-02-01', 1);
INSERT INTO Messages VALUES ('Weekend Plans', 'Lets go to the cabin this weekend!', 'Bridget Devine', DATE '2006-02-01', 1);
INSERT INTO Messages VALUES ('Weekend Plans', 'Lets go to the cabin this weekend!', 'Bridget Devine', DATE '2006-02-01', 1);
INSERT INTO Messages VALUES ('Party', 'Friday at 9pm at my apartment!', 'Andy Samberg', DATE '2016-05-05', 1);
INSERT INTO Messages VALUES ('Party', 'Friday at 9pm at my apartment!', 'Andy Samberg', DATE '2016-05-05', 1);
INSERT INTO Messages VALUES ('Party', 'Friday at 9pm at my apartment!', 'Andy Samberg', DATE '2016-05-05', 1);
INSERT INTO Messages VALUES ('Party', 'Friday at 9pm at my apartment!', 'Andy Samberg', DATE '2016-05-05', 1);
INSERT INTO Messages VALUES ('Party', 'Friday at 9pm at my apartment!', 'Andy Samberg', DATE '2016-05-05', 1);
INSERT INTO Messages VALUES ('Party', 'Friday at 9pm at my apartment!', 'Andy Samberg',  DATE '2016-05-05', 1);
INSERT INTO Messages VALUES ('Party', 'Friday at 9pm at my apartment!', 'Andy Samberg',  DATE '2016-05-05', 1);
INSERT INTO Messages VALUES ('Party', 'Friday at 9pm at my apartment!', 'Andy Samberg', DATE '2016-05-05', 1);
INSERT INTO Messages VALUES ('Party', 'Friday at 9pm at my apartment!', 'Andy Samberg', DATE '2016-05-05', 1);
INSERT INTO Messages VALUES ('Party', 'Friday at 9pm at my apartment!', 'Andy Samberg', DATE '2016-05-05', 1);
INSERT INTO Messages VALUES ('Party', 'Friday at 9pm at my apartment!', 'Andy Samberg', DATE '2016-05-05', 1);
INSERT INTO Messages VALUES ('Party', 'Friday at 9pm at my apartment!', 'Andy Samberg', DATE '2016-05-05', 1);
INSERT INTO Messages VALUES ('Party', 'Friday at 9pm at my apartment!', 'Andy Samberg', DATE '2016-05-05', 1);
INSERT INTO Messages VALUES ('Party', 'Friday at 9pm at my apartment!', 'Andy Samberg', DATE '2016-05-05', 1);
INSERT INTO Messages VALUES ('Party', 'Friday at 9pm at my apartment!', 'Andy Samberg', DATE '2016-05-05', 1);
INSERT INTO Messages VALUES ('Party', 'Friday at 9pm at my apartment!', 'Andy Samberg', DATE '2016-05-05', 1);
INSERT INTO Messages VALUES ('Party', 'Friday at 9pm at my apartment!', 'Andy Samberg', DATE '2016-05-05', 1);
INSERT INTO Messages VALUES ('Party', 'Friday at 9pm at my apartment!', 'Andy Samberg', DATE '2016-05-05', 1);
INSERT INTO Messages VALUES ('Party', 'Friday at 9pm at my apartment!', 'Andy Samberg', DATE '2016-05-05', 1);
INSERT INTO Messages VALUES ('Party', 'Friday at 9pm at my apartment!', 'Andy Samberg', DATE '2016-05-05', 1);
INSERT INTO Messages VALUES ('Party', 'Friday at 9pm at my apartment!', 'Andy Samberg', DATE '2016-05-05', 1);
INSERT INTO Messages VALUES ('Missing You', 'Cannot wait for you to get home!', 'Lena Ortmann',DATE '2006-02-01', 0);
INSERT INTO Messages VALUES ('Favorite Film', 'I love Reservoir Dogs!', 'Lena Ortmann',DATE '2006-02-01', 0);
INSERT INTO Messages VALUES ('New Restaurant', 'We should check out that new Chinese place', 'Lena Ortmann', DATE '2006-02-01', 0);
INSERT INTO Messages VALUES ('Date Night', 'We should ride go carts for date night!', 'Lena Ortmann',DATE '2006-02-01', 0);
INSERT INTO Messages VALUES ('Cedar Point', 'Did you want to go to cedar point with me this weekend?', 'Lena Ortmann',DATE '2006-02-01', 0);
INSERT INTO Messages VALUES ('Ice Skating', 'We should go ice skating on Friday', 'Lena Ortmann',DATE '2006-02-01', 0);
INSERT INTO Messages VALUES ('Pasta Recipe', 'Can you send me that recipe?', 'Daniel Robertson',DATE '2006-02-01', 0);
INSERT INTO Messages VALUES ('Work', 'I got a new job! We should meet up and discuss it!', 'Sara Mills',DATE '2006-02-01', 0);
INSERT INTO Messages VALUES ('Zoho Creator', 'I cannot generate the right reports, can you help me?', 'Jake Ballard',DATE '2006-02-01', 0);
INSERT INTO Messages VALUES ('Coming in Late', 'I have a doctors appointment tomorrow morning and will be late.', 'Tom Smith',DATE '2006-02-01', 0);
INSERT INTO Messages VALUES ('New friend', 'Hey I am so glad we could connect on here', 'Harry Styles',DATE '2006-02-01', 0);
INSERT INTO Messages VALUES ('Trip to Cali', 'I will be out of town in California that weekend!', 'Gabby Means',DATE '2006-02-01', 0);
INSERT INTO Messages VALUES ('Study Abroad', 'I am going to Singapore for an internship this summer', 'Sara Mills',DATE '2006-02-01', 0);
INSERT INTO Messages VALUES ('France', 'That is cool, I will be in France', 'Maggie Devine',DATE '2006-02-01', 0);
INSERT INTO Messages VALUES ('Treat Yo Self', 'Pedicures and a massage this weekend?', 'Zayn Malik',DATE '2006-02-01', 0);
INSERT INTO Messages VALUES ('Beyonce', 'Did you see that Beyonce documentary?', 'Jake Ballard',DATE '2006-02-01', 0);
INSERT INTO Messages VALUES ('Pixar', 'I applied for a job and I hope I get it!', 'Jeffrey Smolen',DATE '2006-02-01', 0);
INSERT INTO Messages VALUES ('Chris Pratt', 'He is really blowing up recently!', 'Erin Higgins', DATE '2006-02-01', 0);
INSERT INTO Messages VALUES ('Tea Time', 'We should get tea on Sunday morning!', 'Erin Higgins', DATE '2006-02-01', 0);
INSERT INTO Messages VALUES ('Tea Time', 'We should get tea on Sunday morning!', 'Erin Higgins', DATE '2006-02-01', 0);
INSERT INTO Messages VALUES ('Tea Time', 'We should get tea on Sunday morning!', 'Erin Higgins', DATE '2006-02-01', 0);
INSERT INTO Messages VALUES ('Tea Time', 'We should get tea on Sunday morning!', 'Erin Higgins', DATE '2006-02-01', 0);
INSERT INTO Messages VALUES ('Tea Time', 'We should get tea on Sunday morning!', 'Erin Higgins', DATE '2006-02-01', 0);
INSERT INTO Messages VALUES ('Tea Time', 'We should get tea on Sunday morning!', 'Erin Higgins', DATE '2006-02-01', 0);
INSERT INTO Messages VALUES ('New dog', 'How would you feel about getting another dog?', 'Carter Johnson', DATE '2006-02-01', 0);
INSERT INTO Messages VALUES ('Oscar Party', 'Come over for the Oscars', 'Erin Higgins',DATE '2006-02-01', 0);
INSERT INTO Messages VALUES ('Popstar', 'This film was so good, I wish more people would see it!', 'Jeff Egler',DATE '2006-02-01', 0);
INSERT INTO Messages VALUES ('Coffee', 'What did you want again?', 'Kristin Baker',DATE '2006-02-01', 0);
INSERT INTO Messages VALUES ('Movie Marathon', 'We should watch every Mike Meyers film in order', 'Roger Barton',DATE '2006-02-01', 0);
INSERT INTO Messages VALUES ('Practice Session', 'Did you still want to practice your speech with me?', 'Nick Calzone',DATE '2006-02-01', 0);
INSERT INTO Messages VALUES ('Early 90s', 'Best music for sure', 'Erin Higgins',DATE '2006-02-01', 0);
INSERT INTO Messages VALUES ('Skating', 'We should go roller skating sometime', 'Erin Higgins',DATE '2006-02-01', 0);
INSERT INTO Messages VALUES ('Calzones', 'They are my favorite food!', 'Erin Higgins',DATE '2006-02-01', 0);
INSERT INTO Messages VALUES ('Criss Cross', 'Such a great artist', 'Erin Higgins',DATE '2006-02-01', 0);
INSERT INTO Messages VALUES ('Babyface', 'An even greater artist!', 'Erin Higgins',DATE '2006-02-01', 0);
INSERT INTO Messages VALUES ('Baseball Tickets', 'I have tickets for Friday, want to come?', 'Erin Higgins',DATE '2006-02-01', 0);
INSERT INTO Messages VALUES ('Doctors without boarders', 'I will be gone for several months', 'John Mulaney',DATE '2006-02-01', 0);
INSERT INTO Messages VALUES ('Arcade', 'Did you hear about that new arcade in South Side?', 'Bill Hader',DATE '2006-02-01', 0);
INSERT INTO Messages VALUES ('Starbucks order', 'Respond with your order', 'Andy Samberg', DATE '2006-02-01', 1);
INSERT INTO Messages VALUES ('Starbucks order', 'Respond with your order', 'Andy Samberg', DATE '2006-02-01', 1);
INSERT INTO Messages VALUES ('Starbucks order', 'Respond with your order', 'Andy Samberg', DATE '2006-02-01', 1);
INSERT INTO Messages VALUES ('Starbucks order', 'Respond with your order', 'Andy Samberg', DATE '2006-02-01', 1);
INSERT INTO Messages VALUES ('Starbucks order', 'Respond with your order', 'Andy Samberg', DATE '2006-02-01', 1);
INSERT INTO Messages VALUES ('Starbucks order', 'Respond with your order', 'Andy Samberg', DATE '2006-02-01', 1);
INSERT INTO Messages VALUES ('Starbucks order', 'Respond with your order', 'Andy Samberg', DATE '2006-02-01', 1);
INSERT INTO Messages VALUES ('Starbucks order', 'Respond with your order', 'Andy Samberg', DATE '2006-02-01', 1);
INSERT INTO Messages VALUES ('Starbucks order', 'Respond with your order', 'Andy Samberg', DATE '2006-02-01', 1);
INSERT INTO Messages VALUES ('Starbucks order', 'Respond with your order', 'Andy Samberg', DATE '2006-02-01', 1);
INSERT INTO Messages VALUES ('Starbucks order', 'Respond with your order', 'Andy Samberg', DATE '2006-02-01', 1);
INSERT INTO Messages VALUES ('Starbucks order', 'Respond with your order', 'Andy Samberg', DATE '2006-02-01', 1);
INSERT INTO Messages VALUES ('Starbucks order', 'Respond with your order', 'Andy Samberg', DATE '2006-02-01', 1);
INSERT INTO Messages VALUES ('Starbucks order', 'Respond with your order', 'Andy Samberg', DATE '2006-02-01', 1);
INSERT INTO Messages VALUES ('Loser', 'They lost the game', 'Will Forte',DATE '2006-02-01', 0);
INSERT INTO Messages VALUES ('Skyzone', 'They have an american ninja warrior course here!', 'Akiva Shaffer',DATE '2006-02-01', 0);
INSERT INTO Messages VALUES ('Brilliant', 'Such great news!', 'Jorma Taccone',DATE '2006-02-01', 0);
INSERT INTO Messages VALUES ('Working', 'I am at work, text you later', 'Andy Samberg',DATE '2006-02-01', 0);
INSERT INTO Messages VALUES ('Friends', 'Can my friends come over later?', 'Andy Samberg',DATE '2006-02-01', 0);
INSERT INTO Messages VALUES ('New script', 'Let me know what you think of this!', 'Andy Samberg',DATE '2006-02-01', 0);
INSERT INTO Messages VALUES ('Meetings', 'I will be in meetings all day, we can talk over lunch', 'Andy Samberg',DATE '2006-02-01', 0);
INSERT INTO Messages VALUES ('Travel Plans', 'I will be back on the 17th', 'Bridget Devine',DATE '2006-02-01', 0);
INSERT INTO Messages VALUES ('Rollerskating', 'I am terrified of rollerskating', 'Sophie Means',DATE '2006-02-01', 0);
INSERT INTO Messages VALUES ('Yield', 'The yield sign is obstructed', 'Gabby Means',DATE '2006-02-01', 0);
INSERT INTO Messages VALUES ('Marriage', 'We should get married', 'Gabby Means',DATE '2006-02-01', 0);
INSERT INTO Messages VALUES ('New cat', 'I just got a new cat', 'Gabby Means', DATE '2006-02-01', 0);
INSERT INTO Messages VALUES ('New fish', 'I just got a new fish', 'Gabby Means',DATE '2006-02-01', 0);
INSERT INTO Messages VALUES ('Short film', 'I just made a short film', 'Kevin Bacon',DATE '2006-02-01', 0);
INSERT INTO Messages VALUES ('Peanut allergy', 'Make sure everything is okay for me to eat!', 'Kevin Bacon',DATE '2006-02-01', 0);
INSERT INTO Messages VALUES ('Beach', 'Did you book a house yet?', 'Kevin Bacon',DATE '2006-02-01', 0);
INSERT INTO Messages VALUES ('San Fransisco' , 'I am moving there in 2017', 'Kevin Bacon',DATE '2006-02-01', 0);
INSERT INTO Messages VALUES ('NBC', 'They just approved our show!', 'Kevin Bacon', DATE '2006-02-01', 0);
INSERT INTO Messages VALUES ('Lorne', 'He says he misses you!', 'Kevin Bacon', DATE '2006-02-01', 0);
INSERT INTO Messages VALUES ('Friday Night', 'Want to see that new movie?', 'Gabby Means',  DATE '2006-02-01', 1);
INSERT INTO Messages VALUES ('Friday Night', 'Want to see that new movie?', 'Gabby Means',  DATE '2006-02-01', 1);
INSERT INTO Messages VALUES ('Friday Night', 'Want to see that new movie?', 'Gabby Means',  DATE '2006-02-01', 1);
INSERT INTO Messages VALUES ('Friday Night', 'Want to see that new movie?', 'Gabby Means',  DATE '2006-02-01', 1);
INSERT INTO Messages VALUES ('Friday Night', 'Want to see that new movie?', 'Gabby Means',  DATE '2006-02-01', 1);
INSERT INTO Messages VALUES ('Friday Night', 'Want to see that new movie?', 'Gabby Means',  DATE '2006-02-01', 1);
INSERT INTO Messages VALUES ('Friday Night', 'Want to see that new movie?', 'Gabby Means',  DATE '2006-02-01', 1);
INSERT INTO Messages VALUES ('Drive in', 'This would be great for date night!', 'Kevin Bacon', DATE '2006-02-01', 0);
INSERT INTO Messages VALUES ('Chairs', 'Did you move those chairs yet?', 'Kevin Bacon', DATE '2006-02-01', 0);
INSERT INTO Messages VALUES ('Couch', 'Did you move that couch yet?', 'Maggie Devine', DATE '2006-02-01', 0);
INSERT INTO Messages VALUES ('Movie', 'I just saw that movie, it was great', 'Maggie Devine',DATE '2006-02-01', 0);
INSERT INTO Messages VALUES ('Paint colors', 'Blue or red?', 'Kalyn Sigg', DATE '2006-02-01', 0);
INSERT INTO Messages VALUES ('Doctors appointment', 'I cannot find any times to go to the doctor!', 'Kalyn Sigg', DATE '2006-02-01', 0);
INSERT INTO Messages VALUES ('So fresh so clean', 'I cleaned the living room', 'Kalyn Sigg', DATE '2006-02-01', 0);
INSERT INTO Messages VALUES ('Skeeball', 'I won 15 tickets', 'Bill Murry', DATE '2006-02-01', 0);
INSERT INTO Messages VALUES ('Slow Motion', 'I shot the scene in slow motion', 'Amy Adams', DATE '2006-02-01', 0);
INSERT INTO Messages VALUES ('Scrubs', 'I do not want any', 'Mark Zuckerberg', DATE '2006-02-01', 0);
INSERT INTO Messages VALUES ('Snitches get stiches', 'I cannot believe you told them', 'Erin Higgins', DATE '2006-02-01', 0);
INSERT INTO Messages VALUES ('Pirates', 'I hope they win this year', 'Erin Higgins', DATE '2006-02-01', 0);
INSERT INTO Messages VALUES ('Jason Bay', 'Such an All Star', 'Penny Means', DATE '2006-02-01', 0);
INSERT INTO Messages VALUES ('Best Friend', 'You are my best friend', 'Penny Means', DATE '2006-02-01', 0);
INSERT INTO Messages VALUES ('Literally so exciting', 'I cannot believe you got the job!', 'Penny Means', DATE '2006-02-01', 0);
INSERT INTO Messages VALUES ('Stools', 'Did you get those stools, yet?', 'Penny Means', DATE '2006-02-01', 0);
INSERT INTO Messages VALUES ('Hot rod', 'Did you see Hot Rod?', 'Dominic Means', DATE '2006-02-01', 0);
INSERT INTO Messages VALUES ('Sunflowers', 'I bought some for the back yard', 'Dominic Means', DATE '2006-02-01', 0);
INSERT INTO Messages VALUES ('Games', 'Is corn hole enough?', 'Dominic Means', DATE '2006-02-01', 0);
INSERT INTO Messages VALUES ('Fresh ideas', 'We should have a writing session', 'Dominic Means', DATE '2006-02-01', 0);
INSERT INTO Messages VALUES ('Machine', 'It is not functioning properly', 'John Mulaney', DATE '2006-02-01', 0);
INSERT INTO Messages VALUES ('New Computer', 'Just bought myself a mac! I love it!', 'Jason Sudekis', DATE '2006-02-01', 0);
INSERT INTO Messages VALUES ('Jerky', 'I made that deer into jerky, come get some', 'Jason Sudekis', DATE '2006-02-01', 0);
INSERT INTO Messages VALUES ('London', 'I will be spending my summer in London', 'Mathew Perry', DATE '2006-02-01', 0);
INSERT INTO Messages VALUES ('Boston Calling', 'This concert was great!', 'John Belushi', DATE '2006-02-01', 0);
INSERT INTO Messages VALUES ('The Flash', 'This show is great', 'David Spade', DATE '2006-02-01', 0);
INSERT INTO Messages VALUES ('New in town', 'We should meet up!', 'David Spade', DATE '2006-02-01', 0);
INSERT INTO Messages VALUES ('Come back kid', 'I need a second chance', 'Adam Sandler', DATE '2006-02-01', 0);
INSERT INTO Messages VALUES ('VHS', 'What should I do with these VHS movies?', 'Adam Sandler', DATE '2006-02-01', 0);
INSERT INTO Messages VALUES ('Remember me', 'Too sad of a movie', 'Adam Sandler', DATE '2006-02-01', 0);
INSERT INTO Messages VALUES ('Neck pain', 'I need to get my neck adjusted', 'Bill Hader', DATE '2006-02-01', 0);
INSERT INTO Messages VALUES ('New glasses', 'My vision has gotten much worse', 'Joe Lynch', DATE '2006-02-01', 0);
INSERT INTO Messages VALUES ('Fresh prince', 'Uncle Phil is my dream man', 'Joe Lynch', DATE '2006-02-01', 0);
INSERT INTO Messages VALUES ('Heat', 'The air conditioning is broken', 'Pete Davidson', DATE '2006-02-01', 0);
INSERT INTO Messages VALUES ('Electric bill', 'Stop leaving the lights on', 'Pete Davidson', DATE '2006-02-01', 0);
INSERT INTO Messages VALUES ('Reservoir dogs', 'My favorite movie!', 'Pete Davidson', DATE '2006-02-01', 0);
INSERT INTO Messages VALUES ('Birthday cake', 'Pick up that cake, please', 'Leslie Jones', DATE '2006-02-01', 0);
INSERT INTO Messages VALUES ('Congratulations', 'So proud of all of your achievements!', 'Leslie Jones', DATE '2006-02-01', 0);
INSERT INTO Messages VALUES ('Thank you', 'You are too kind to me', 'Leslie Jones', DATE '2006-02-01', 0);
INSERT INTO Messages VALUES ('Youre welcome', 'Do not mention it.', 'Leslie Jones', DATE '2006-02-01', 0);
INSERT INTO Messages VALUES ('Cat issues', 'I do not have anyone to watch the cat while on vacation', 'Keenan Thompson', DATE '2006-02-01', 0);
INSERT INTO Messages VALUES ('Fireplace', 'The fireplace needs clean, marry poppins style', 'Keenan Thompson', DATE '2006-02-01', 0);
INSERT INTO Messages VALUES ('Smores', 'The union grille has TABLE SMORES', 'Kyle Mooney', DATE '2006-02-01', 0);
INSERT INTO Messages VALUES ('Cut the grass', 'Cut the grass before I get home', 'Kyle Mooney', DATE '2006-02-01', 0);
INSERT INTO Messages VALUES ('Camping', 'We should go camping this weekend', 'Kyle Mooney', DATE '2006-02-01', 0);
INSERT INTO Messages VALUES ('Writers Retreat', 'Bring your mind and a great attitude!', 'Andy Samberg',  DATE '2006-02-01', 1);
INSERT INTO Messages VALUES ('Writers Retreat', 'Bring your mind and a great attitude!', 'Andy Samberg',  DATE '2006-02-01', 1);
INSERT INTO Messages VALUES ('Writers Retreat', 'Bring your mind and a great attitude!', 'Andy Samberg',  DATE '2006-02-01', 1);
INSERT INTO Messages VALUES ('Writers Retreat', 'Bring your mind and a great attitude!', 'Andy Samberg',  DATE '2006-02-01', 1);
INSERT INTO Messages VALUES ('Writers Retreat', 'Bring your mind and a great attitude!', 'Andy Samberg',  DATE '2006-02-01', 1);
INSERT INTO Messages VALUES ('Writers Retreat', 'Bring your mind and a great attitude!', 'Andy Samberg',  DATE '2006-02-01', 1);
INSERT INTO Messages VALUES ('Writers Retreat', 'Bring your mind and a great attitude!', 'Andy Samberg',  DATE '2006-02-01', 1);
INSERT INTO Messages VALUES ('Writers Retreat', 'Bring your mind and a great attitude!', 'Andy Samberg',  DATE '2006-02-01', 1);
INSERT INTO Messages VALUES ('Writers Retreat', 'Bring your mind and a great attitude!', 'Andy Samberg',  DATE '2006-02-01', 1);
INSERT INTO Messages VALUES ('Writers Retreat', 'Bring your mind and a great attitude!', 'Andy Samberg',  DATE '2006-02-01', 1);
INSERT INTO Messages VALUES ('Writers Retreat', 'Bring your mind and a great attitude!', 'Andy Samberg',  DATE '2006-02-01', 1);
INSERT INTO Messages VALUES ('Writers Retreat', 'Bring your mind and a great attitude!', 'Andy Samberg',  DATE '2006-02-01', 1);
INSERT INTO Messages VALUES ('Writers Retreat', 'Bring your mind and a great attitude!', 'Andy Samberg',  DATE '2006-02-01', 1);
INSERT INTO Messages VALUES ('Writers Retreat', 'Bring your mind and a great attitude!', 'Andy Samberg',  DATE '2006-02-01', 1);
INSERT INTO Messages VALUES ('Writers Retreat', 'Bring your mind and a great attitude!', 'Andy Samberg',  DATE '2006-02-01', 1);
INSERT INTO Messages VALUES ('Writers Retreat', 'Bring your mind and a great attitude!', 'Andy Samberg',  DATE '2006-02-01', 1);
INSERT INTO Messages VALUES ('Writers Retreat', 'Bring your mind and a great attitude!', 'Andy Samberg',  DATE '2006-02-01', 1);
INSERT INTO Messages VALUES ('Writers Retreat', 'Bring your mind and a great attitude!', 'Andy Samberg',  DATE '2006-02-01', 1);
INSERT INTO Messages VALUES ('Pals', 'So glad we are friends', 'Jess Slain', DATE '2006-02-01', 0);
INSERT INTO Messages VALUES ('Plans', 'We should hang out soon', 'Jess Slain', DATE '2006-02-01', 0);
INSERT INTO Messages VALUES ('French bulldog', 'Cutest dogs forever', 'Aleena Yobbi', DATE '2006-02-01', 0);
INSERT INTO Messages VALUES ('Puppies', 'I met some puppies today', 'Aleena Yobbi', DATE '2006-02-01', 0);
INSERT INTO Messages VALUES ('Saturday', 'We should grab brunch Saturday', 'Joe Marriuzza', DATE '2006-02-01', 0);
INSERT INTO Messages VALUES ('Databases', 'This class is interesting', 'Joe Marriuzza', DATE '2006-02-01', 0);
INSERT INTO Messages VALUES ('Stats', 'This class is so boring', 'Lou Marra', DATE '2006-02-01', 0);
INSERT INTO Messages VALUES ('GSWS', 'This class makes me think about things in a new way', 'Lou Marra', DATE '2006-02-01', 0);
INSERT INTO Messages VALUES ('Genres', 'I hate Rom. Coms. ', 'Katie Garrity', DATE '2006-02-01', 0);
INSERT INTO Messages VALUES ('Soderbergh', 'Such a great director', 'Katie Garrity', DATE '2006-02-01', 0);
INSERT INTO Messages VALUES ('Oceans 11', 'One of my favorite films', 'Molly Schnider', DATE '2006-02-01', 0);
INSERT INTO Messages VALUES ('Ghostbusters', 'I think the new one looks so funny!', 'Molly Schnider', DATE '2006-02-01', 0);
INSERT INTO Messages VALUES ('Suicide Squad', 'I think this movie looks great!', 'Owen Wilson', DATE '2006-02-01', 0);
INSERT INTO Messages VALUES ('Olympics', 'USA!!!!!!', 'Owen Wilson', DATE '2006-02-01', 0);
INSERT INTO Messages VALUES ('Swimming', 'Leah Smith qualified!', 'Owen Wilson', DATE '2006-02-01', 0);
INSERT INTO Messages VALUES ('Trials', 'My friend is running in he trials today', 'Vince Vaughn', DATE '2006-02-01', 0);
INSERT INTO Messages VALUES ('Running', 'We should go for a run in an hour','Vince Vaughn', DATE '2006-02-01', 0);
INSERT INTO Messages VALUES ('Steeple Chase', 'Such an interesting event', 'Will Ferrel', DATE '2006-02-01', 0);
INSERT INTO Messages VALUES ('iMovie', 'Can you teach me how to use this?', 'Will Ferrel', DATE '2006-02-01', 0);
INSERT INTO Messages VALUES ('iTunes', 'Can you teach me how to use this?', 'Will Ferrel', DATE '2006-02-01', 0);
INSERT INTO Messages VALUES ('Editing', 'Edit that film for me please', 'Erin Higgins', DATE '2006-02-01', 0);
INSERT INTO Messages VALUES ('Flash memory', 'So unreliable', 'Erin Higgins', DATE '2006-02-01', 0);
INSERT INTO Messages VALUES ('DRAM', 'That new paper was intersting', 'Erin Higgins', DATE '2006-02-01', 0);
INSERT INTO Messages VALUES ('Potato skins', 'I have a good recipe for the superbowl party', 'Erin Higgins', DATE '2006-02-01', 0);
INSERT INTO Messages VALUES ('Animal control', 'They were called for that wild pig', 'Erin Higgins', DATE '2006-02-01', 0);
INSERT INTO Messages VALUES ('Fetty wap', 'Is so bad live. ', 'Kristen Bell', DATE '2006-02-01', 0);
INSERT INTO Messages VALUES ('You are awesome', 'Thanks for all the help', 'Kristen Bell', DATE '2006-02-01', 0);
INSERT INTO Messages VALUES ('Blender', 'I got a new blender', 'Kristen Bell', DATE '2006-02-01', 0);
INSERT INTO Messages VALUES ('Nutrabullet', 'I got a new nutrabullet', 'Joe Pecci', DATE '2006-02-01', 0);
INSERT INTO Messages VALUES ('Democracy', 'I am glad we can vote', 'Joe Pecci', DATE '2006-02-01', 0);
INSERT INTO Messages VALUES ('Gas bill', 'The bill was very high!', 'Joe Pecci', DATE '2006-02-01', 0);
INSERT INTO Messages VALUES ('Voting', 'Is a right', 'Joe Pecci', DATE '2006-02-01', 0);
INSERT INTO Messages VALUES ('Quarters', 'How many quarters are in football, though?', 'Joe Pecci', DATE '2006-02-01', 0);
INSERT INTO Messages VALUES ('Fresh salad', 'I made you a salad for lunch', 'Woody Harrelson', DATE '2006-02-01', 0);
INSERT INTO Messages VALUES ('Hospital visit', 'I am visiting grandpa later, you should come.', 'Woody Harrelson', DATE '2006-02-01', 0);
INSERT INTO Messages VALUES ('Choir trip', 'We are going to Italy', 'Woody Harrelson', DATE '2006-02-01', 0);
INSERT INTO Messages VALUES ('Love and hate', 'Love this movie', 'Woody Harrelson', DATE '2006-02-01', 0);
INSERT INTO Messages VALUES ('Love and death', 'Love this movie', 'Woody Harrelson', DATE '2006-02-01', 0);
INSERT INTO Messages VALUES ('Love you like a brother', 'Just not one of mine', 'Andy Samberg',  DATE '2006-02-01', 0);
INSERT INTO Messages VALUES ('Baby!', 'Did you have your baby, yet?', 'Pete Davidson', DATE '2006-02-01', 0);
INSERT INTO Messages VALUES ('Punching bag', 'Just bought one', 'Pete Davidson', DATE '2006-02-01', 0);
INSERT INTO Messages VALUES ('The Lonely Island', 'Love you guys', 'Gabe Freeman', DATE '2006-02-01', 1);
INSERT INTO Messages VALUES ('The Lonely Island', 'Love you guys', 'Gabe Freeman', DATE '2006-02-01', 1);
INSERT INTO Messages VALUES ('Thinking about you', 'I have not seen you in awhile', 'Gabe Freeman', DATE '2006-02-01', 0);
INSERT INTO Messages VALUES ('Lost wallet', 'Have you seen my wallet?', 'Gabe Freeman', DATE '2006-02-01', 0);
INSERT INTO Messages VALUES ('Noodlehead', 'I hate that place', 'Austin Pegg', DATE '2006-02-01', 0);
INSERT INTO Messages VALUES ('Break', 'Where are you going over break?', 'Austin Pegg', DATE '2006-02-01', 0);
INSERT INTO Messages VALUES ('Voting rights act', 'Such an important moment in history!', 'Andy Samberg',  DATE '2006-02-01', 0);
INSERT INTO Messages VALUES ('You are frustrating', 'Please try harder to get things done on time', 'Andy Samberg',  DATE '2006-02-01', 0);
INSERT INTO Messages VALUES ('Fixing the sink', 'You still have not done that', 'Andy Samberg',  DATE '2006-02-01', 0);
INSERT INTO Messages VALUES ('Goat cheese', 'I do not know how I feel about that cheese', 'Andy Samberg',  DATE '2006-02-01', 0);
INSERT INTO Messages VALUES ('Ghosts', 'Ghosts are real for sure', 'Andy Samberg',  DATE '2006-02-01', 0);
INSERT INTO Messages VALUES ('New carpet', 'I think we need to replace the carpets', 'Andy Samberg', DATE '2006-02-01', 0);
INSERT INTO Messages VALUES ('Jimmy Fallon', 'He should be in this movie too', 'Andy Samberg',   DATE '2006-02-01', 0);
INSERT INTO Messages VALUES ('Movie', 'I love making movies with you', 'Andy Samberg', DATE '2006-02-01', 0);
INSERT INTO Messages VALUES ('Lebron James', 'Such an easy to please city, Clevland!', 'Andy Samberg', DATE '2006-02-01', 0);
INSERT INTO Messages VALUES ('Do not worry', 'I will find your wallet', 'Andy Samberg',  DATE '2006-02-01', 0);
INSERT INTO Messages VALUES ('Friday meeting', 'Does 9am work for you?', 'Andy Samberg',  DATE '2006-02-01', 0);
INSERT INTO Messages VALUES ('New relationship', 'I just starting seeing someone new, lets talk about it','Austin Pegg', DATE '2006-02-01', 0);
INSERT INTO Messages VALUES ('Ohio', 'Is the worst state for sure.', 'Austin Pegg', DATE '2006-02-01', 0);
INSERT INTO Messages VALUES ('Brown', 'I think brown couch would look the best', 'Michelle Holdney', DATE '2006-02-01', 0);
INSERT INTO Messages VALUES ('Goat', 'Tom Brady is not the GOAT', 'Michelle Holdney', DATE '2006-02-01', 0);
INSERT INTO Messages VALUES ('Jason Bourne', 'I would like to see that new movie', 'Michelle Holdney', DATE '2006-02-01', 0);
INSERT INTO Messages VALUES ('Matt Damon', 'He is an okay actor', 'Michelle Holdney', DATE '2006-02-01', 0);
INSERT INTO Messages VALUES ('Blankets', 'I left all my blankets in your car', 'Nick Sullivan', DATE '2006-02-01', 0);
INSERT INTO Messages VALUES ('Milk', 'Pick up milk on the way home.', 'Nick Sullivan', DATE '2006-02-01', 0);
INSERT INTO Messages VALUES ('Birthday', 'When is your birthday again?', 'Nick Sullivan', DATE '2006-02-01', 0);
INSERT INTO Messages VALUES ('Family time', 'We are missing you for family game night', 'Nick Sullivan', DATE '2006-02-01', 0);
INSERT INTO Messages VALUES ('Florida', 'I am going there in August', 'Nick Sullivan', DATE '2006-02-01', 0);
INSERT INTO Messages VALUES ('Harry Potter World', 'I am so excited to see Harry Potter world!', 'Collin Jost', DATE '2006-02-01', 0);
INSERT INTO Messages VALUES ('Berkeley', 'I am looking for apartments, can you help?', 'Collin Jost', DATE '2006-02-01', 0);
INSERT INTO Messages VALUES ('UCLA', 'We are racing them on Friday!', 'Collin Jost', DATE '2006-02-01', 0);
INSERT INTO Messages VALUES ('Fun idea', 'We should get ice cream and pizza and then go to the park', 'Collin Jost', DATE '2006-02-01', 0);
INSERT INTO Messages VALUES ('Trip ideas', 'What about New Jersey?', 'Collin Jost', DATE '2006-02-01', 0);
INSERT INTO Messages VALUES ('Cool socks', 'Do you know about the King of Socks?', 'Erin Higgins', DATE '2006-02-01', 0);
INSERT INTO Messages VALUES ('Baby', 'Have you met the new baby yet? So cute. ', 'Erin Higgins', DATE '2006-02-01', 0);
INSERT INTO Messages VALUES ('Drill', 'My drill broke, can I borrow yours?', 'Andy Samberg',  DATE '2006-02-01', 0);
INSERT INTO Messages VALUES ('Notes', 'Can you send me a copy of your notes from today?', 'Erin Higgins', DATE '2006-02-01', 0);
INSERT INTO Messages VALUES ('Meeting recap', 'I sent out the meeting recap to everyone.', 'Erin Higgins', DATE '2006-02-01', 0);
INSERT INTO Messages VALUES ('Best buy', 'Do you need anything while I am here?', 'Andy Samberg', DATE '2006-02-01', 0);
INSERT INTO Messages VALUES ('Season 2', 'I got season 2 of the Sopranos from Best Buy', 'Andy Samberg', DATE '2006-02-01', 0);
INSERT INTO Messages VALUES ('Tom', 'He moved to Atlanta last week!', 'Andy Samberg', DATE '2006-02-01', 0);
INSERT INTO Messages VALUES ('Making memories', 'I made a scrap book of all our picture from vaca!', 'Andy Samberg', DATE '2006-02-01', 0);
INSERT INTO Messages VALUES ('Africa trip', 'This is going to be life changing, for sure. ', 'Joanna Newsom', DATE '2006-02-01', 0);
INSERT INTO Messages VALUES ('Cleaning time', 'We have to clean before we move out.', 'Joanna Newsom', DATE '2006-02-01', 0);
INSERT INTO Messages VALUES ('Do not be mad', 'But I bought a puppy', 'Joanna Newsom',  DATE '2006-02-01', 0);
INSERT INTO Messages VALUES ('Waffles', 'Probably my favorite food', 'Petunia Mulaney', DATE '2006-02-01', 0);
INSERT INTO Messages VALUES ('Potato salad', 'Did grandma make her potato salad?', 'Petunia Mulaney', DATE '2006-02-01', 0);
INSERT INTO Messages VALUES ('Jeff Bridges', 'Is a great comedic actor, I wish we were friends.', 'Petunia Mulaney', DATE '2006-02-01', 0);
INSERT INTO Messages VALUES ('RIPD', 'Not a great movie, but deserved better than it got!', 'Petunia Mulaney', DATE '2006-02-01', 0);
INSERT INTO Messages VALUES ('Found dog', 'Is this your dog?', 'Petunia Mulaney', DATE '2006-02-01', 0);
INSERT INTO Messages VALUES ('Independence day', 'Why did they make a sequel?','Petunia Mulaney', DATE '2006-02-01', 0);
INSERT INTO Messages VALUES ('New justice', 'Did you finish that paper?', 'Petunia Mulaney', DATE '2006-02-01', 0);
INSERT INTO Messages VALUES ('One direction', 'I wish they would get back together.', 'Petunia Mulaney', DATE '2006-02-01', 0);
INSERT INTO Messages VALUES ('New deal', 'If I do the laundry you have to wash the dishes', 'Petunia Mulaney', DATE '2006-02-01', 0);
INSERT INTO Messages VALUES ('Austin Powers', 'Mike Meyers is pretty good looking', 'Petunia Mulaney', DATE '2006-02-01', 0);
INSERT INTO Messages VALUES ('Ryan Reynolds', 'Ryan Reynolds is so funny, why is he married to Blake?', 'Kevin Bacon', DATE '2006-02-01', 0);
INSERT INTO Messages VALUES ('Why?', 'Are you going there?', 'Kevin Bacon', DATE '2006-02-01', 0);
INSERT INTO Messages VALUES ('What?', 'Are you doing there?', 'Kevin Bacon', DATE '2006-02-01', 0);
INSERT INTO Messages VALUES ('Who?', 'Are you going with?', 'Kevin Bacon', DATE '2006-02-01', 0);
INSERT INTO Messages VALUES ('When?', 'Will you be back?', 'Kevin Bacon', DATE '2006-02-01', 0);
INSERT INTO Messages VALUES ('How?', 'Are you getting there?', 'Kevin Bacon', DATE '2006-02-01', 0);
INSERT INTO Messages VALUES ('Dead end', 'My street is a dead end', 'Kevin Bacon', DATE '2006-02-01', 0);
INSERT INTO Messages VALUES ('Directions', 'Please send directions to your house so I do not get lost', 'Kevin Bacon', DATE '2006-02-01', 0);
INSERT INTO Messages VALUES ('New charger', 'I need a new charger, my other one is broken', 'Kevin Bacon', DATE '2006-02-01', 0);
INSERT INTO Messages VALUES ('Medals', 'We got first! Coming home with bling!', 'Kevin Bacon', DATE '2006-02-01', 0);
INSERT INTO Messages VALUES ('Display case', 'Can you build me a display case for my medals?', 'Kevin Bacon', DATE '2006-02-01', 0);
INSERT INTO Messages VALUES ('Date', 'Hey, would you want to go on a date sometime?', 'Kevin Bacon', DATE '2006-02-01', 0);
INSERT INTO Messages VALUES ('Groceries', 'Need anything from the store?', 'Chris Farley', DATE '2006-02-01', 0);
INSERT INTO Messages VALUES ('Dinner', 'What do you want for dinner?', 'Chris Farley', DATE '2006-02-01', 0);
INSERT INTO Messages VALUES ('Garden', 'What should we plant in the garden?', 'Chris Farley', DATE '2006-02-01', 0);
INSERT INTO Messages VALUES ('Home depot', 'Need anything from home depot?', 'Chris Farley', DATE '2006-02-01', 0);
INSERT INTO Messages VALUES ('Orange juice', 'I think we should sell some fresh OJ on the street.', 'Chris Farley', DATE '2006-02-01', 0);
INSERT INTO Messages VALUES ('Birds', 'They love the new feeder!', 'Chris Farley', DATE '2006-02-01', 0);
INSERT INTO Messages VALUES ('Mailbox', 'Someone knocked over our mailbox today', 'Chris Farley', DATE '2006-02-01', 0);
INSERT INTO Messages VALUES ('Money', 'Can you pay me for rent soon?', 'Chris Farley', DATE '2006-02-01', 0);
INSERT INTO Messages VALUES ('Bangkok Balcony', 'Want to meet for lunch?', 'Chris Farley', DATE '2006-02-01', 0);
INSERT INTO Messages VALUES ('Computer desk', 'I need a new desk for my computer', 'Chris Farley', DATE '2006-02-01', 0);
INSERT INTO Messages VALUES ('Desk', 'I found a new desk for my computer', 'Erin Higgins', DATE '2006-02-01', 0);
INSERT INTO Messages VALUES ('I am good', 'Sorry I have not been keeping in touch', 'Erin Higgins', DATE '2006-02-01', 0);
INSERT INTO Messages VALUES ('Sad', 'Sorry to hear that, get better soon!', 'Erin Higgins', DATE '2006-02-01', 0);
INSERT INTO Messages VALUES ('Found that movie', 'Found that DVD you were looking for', 'Erin Higgins', DATE '2006-02-01', 0);
INSERT INTO Messages VALUES ('Fresh', 'We should go to the farmers market on Friday', 'Erin Higgins', DATE '2006-02-01', 0);
INSERT INTO Messages VALUES ('Workout plan', 'I have been following a plan and it is really tough', 'Erin Higgins', DATE '2006-02-01', 0);
INSERT INTO Messages VALUES ('Gloves', 'I love these new gloves, thanks', 'Bridget Devine', DATE '2006-02-01', 0);
INSERT INTO Messages VALUES ('Winter', 'Its too cold I hate it', 'Gabby Means', DATE '2006-02-01', 0);
INSERT INTO Messages VALUES ('Friendship', 'I am so glad you are in my life!', 'Sophie Means', DATE '2006-02-01', 0);
INSERT INTO Messages VALUES ('Let us catch up', 'We should chat soon!', 'Dominic Means', DATE '2006-02-01', 0);
INSERT INTO Messages VALUES ('Kevin Bacon', 'Why is he in every movie?', 'Penny Means', DATE '2006-02-01', 0);
INSERT INTO Messages VALUES ('Gross', 'I am grossed out by the texture of peaches', 'Andy Samberg', DATE '2006-02-01', 0);
